Mã,Nhóm,Chuyên đề,Đọc,Bài tập,Project,Repo GitHub,Minh chứng,Ghi chú
01,Nền tảng,Toán cho khoa học máy tính,,,,,,
02,Nền tảng,Lập trình cấu trúc dữ liệu và thuật toán,,,,,,
03,Nền tảng,Ngôn ngữ lập trình và trình biên dịch,,,,,,
04,Nền tảng,Kiến trúc máy tính và hệ điều hành,,,,,,
05,Nền tảng,Mạng máy tính và truyền thông,,,,,,
06,Phần mềm & dữ liệu,Kỹ nghệ phần mềm kiểm thử và quản lý project,,,,,,
07,Phần mềm & dữ liệu,Backend API và kiến trúc dịch vụ,,,,,,
08,Phần mềm & dữ liệu,Frontend web và truy cập được,,,,,,
09,Phần mềm & dữ liệu,Ứng dụng di động đa nền tảng,,,,,,
10,Phần mềm & dữ liệu,Cơ sở dữ liệu SQL và NoSQL,,,,,,
11,Phần mềm & dữ liệu,Kỹ thuật dữ liệu và phân tích,,,,,,
12,Phần mềm & dữ liệu,Cloud DevOps hệ phân tán và SRE,,,,,,
13,Phần mềm & dữ liệu,UX HCI và thiết kế giao diện,,,,,,
14,Phần mềm & dữ liệu,Blockchain và hợp đồng thông minh,,,,,,
15,Phần mềm & dữ liệu,Đồ họa lập trình và kỹ thuật đa phương tiện,,,,,,
16,Phần mềm & dữ liệu,Game engine mô phỏng và XR,,,,,,
17,AI,Machine learning và khoa học dữ liệu,,,,,,
18,AI,Deep learning và mô hình nền tảng,,,,,,
19,AI,NLP mô hình ngôn ngữ và RAG,,,,,,
20,AI,Computer vision và xử lý ảnh,,,,,,
21,AI,Xử lý tiếng nói âm thanh và tín hiệu số,,,,,,
22,AI,Tìm kiếm gợi ý và hệ thống thông tin,,,,,,
23,AI,Reinforcement learning và điều khiển thông minh,,,,,,
24,AI,MLOps đánh giá mô hình và quản trị dữ liệu,,,,,,
25,AI,Edge AI TinyML và tối ưu MCU,,,,,,
26,Bảo mật,An ninh mạng và phòng thủ hệ thống,,,,,,
27,Bảo mật,Bảo mật ứng dụng mật mã và quyền riêng tư,,,,,,
28,Bảo mật,Bảo mật xe robot và IoT,,,,,,
29,Phần cứng & nhúng,Logic số HDL và FPGA,,,,,,
30,Phần cứng & nhúng,Vi mạch bán dẫn và thiết kế IC,,,,,,
31,Phần cứng & nhúng,Điện tử analog nguồn và thiết kế PCB,,,,,,
32,Phần cứng & nhúng,Lập trình nhúng và RTOS,,,,,,
33,Phần cứng & nhúng,IoT cảm biến và mạng không dây,,,,,,
34,Automotive,AUTOSAR Classic SWC RTE BSW,,,,,,
35,Automotive,AUTOSAR Adaptive và kiến trúc ECU hiệu năng cao,,,,,,
36,Automotive,ADAS cảm biến và kiểm thử theo kịch bản,,,,,,
37,Automotive,Mạng trong xe chẩn đoán và an toàn chức năng,,,,,,
38,Robot & drone,ROS 2 node topic service và robot software,,,,,,
39,Robot & drone,LiDAR point cloud SLAM và dẫn đường,,,,,,
40,Robot & drone,Drone autopilot PX4 ArduPilot và MAVLink,,,,,,
41,Thiết kế & liên ngành,Thiết kế đồ họa 2D và nhận diện,,,,,,
42,Thiết kế & liên ngành,Thiết kế 3D hoạt hình và truyền thông số,,,,,,
43,Thiết kế & liên ngành,GIS bản đồ và dữ liệu không gian,,,,,,
44,Thiết kế & liên ngành,Tin sinh học và dữ liệu khoa học,,,,,,
45,Thiết kế & liên ngành,Điện toán lượng tử nhập môn,,,,,,
46,Thiết kế & liên ngành,Khoa học dữ liệu sản phẩm và thống kê thực nghiệm,,,,,,
47,Thiết kế & liên ngành,Kỹ thuật viễn thông RF và thông tin số,,,,,,
48,Thiết kế & liên ngành,Đạo đức công nghệ nghiên cứu và portfolio,,,,,,
